Fund Name,P1,P2,P3,P4,P5,Topsis Score,Rank
M1,0.82,0.67,5.1,41.1,11.92,0.3598493011327506,7
M2,0.74,0.55,3.0,40.5,11.2,0.6150194333493396,2
M3,0.79,0.62,4.6,69.0,18.75,0.5993701346976662,3
M4,0.87,0.76,5.1,55.7,15.61,0.49024649196830467,5
M5,0.66,0.44,4.7,33.7,9.88,0.2911332729716996,8
M6,0.78,0.61,5.9,68.5,18.95,0.4230348055446358,6
M7,0.63,0.4,3.9,61.9,16.71,0.5783149563986446,4
M8,0.85,0.72,4.1,65.6,17.82,0.7175578302991342,1
